{"schemaVersion":"1.0","appDefinitionTemplate":{"id":"/providers/Microsoft.PowerApps/apps/","type":"Microsoft.PowerApps/apps","tags":{"primaryDeviceWidth":"1366","primaryDeviceHeight":"768","supportsPortrait":"true","supportsLandscape":"true","primaryFormFactor":"Tablet","showStatusBar":"false","publisherVersion":"3.23084.14","minimumRequiredApiVersion":"2.2.0","hasComponent":"false","hasUnlockedComponent":"false","isUnifiedRootApp":"false","sienaVersion":"20230909T150729Z-3.23084.14.0"},"properties":{"appVersion":"2023-09-09T15:07:29Z","lifeCycleId":"Published","createdByClientVersion":{"major":3,"minor":23084,"build":14,"revision":0,"majorRevision":0,"minorRevision":0},"minClientVersion":{"major":3,"minor":23084,"build":14,"revision":0,"majorRevision":0,"minorRevision":0},"backgroundColor":"RGBA(0,176,240,1)","backgroundImageUri":"/13844968241344999887/N110a26e7-86c4-42e6-b350-79052c2ed232-logoSmallFile","displayName":"Inventory and Asset tracking","description":"","commitMessage":"","appUris":{"documentUri":{"value":"/13844968241344999887/Nabd9ee75-96aa-4acc-a266-94f48dcb3f55-document.msapp"},"imageUris":[],"additionalUris":[]},"createdTime":"0001-01-01T00:00:00Z","lastModifiedTime":"0001-01-01T00:00:00Z","sharedGroupsCount":0,"sharedUsersCount":0,"connectionReferences":{"e2c526df-de77-4a69-9d66-4cf05f43d98d":{"id":"2c6f1626-e697-4d80-94c0-9a3429a9ab29","displayName":"SharePoint","iconUri":"https://connectoricons-prod.azureedge.net/releases/v1.0.1654/1.0.1654.3410/sharepointonline/icon.png","dataSources":["Assets","Asset Checkouts"],"dependencies":[],"dependents":[],"parameterHints":{},"parameterHintsV2":{},"isOnPremiseConnection":false,"bypassConsent":false,"dataSets":{"https://learn365ph.sharepoint.com/sites/InventoryandAssetManagement":{"dataSources":{"Assets":{"tableName":"0683f48d-0f12-4e0a-b088-26a2e49bed14"},"Asset Checkouts":{"tableName":"d2c0c302-3108-4f64-aa91-9c3304f7a71f"}}}},"apiTier":"Standard","isCustomApiConnection":false,"actions":["providers/PowerPlatform.Governance/Operations/Read","providers/PowerPlatform.Governance/Operations/Write","providers/PowerPlatform.Governance/Operations/Delete"]},"5078794c-3394-4a69-8d0c-397a164834af":{"id":"ddc60a6e-7c74-4dbf-a4f0-cc7713b6547b","displayName":"Office 365 Outlook","iconUri":"https://connectoricons-prod.azureedge.net/master/1.0.1653.3400/office365/icon.png","dataSources":["Office365Outlook"],"dependencies":[],"dependents":[],"parameterHints":{},"parameterHintsV2":{},"isOnPremiseConnection":false,"bypassConsent":false,"dataSets":{},"apiTier":"Standard","isCustomApiConnection":false,"actions":["SendEmailV2"]}},"databaseReferences":{},"almMode":"Environment","performanceOptimizationEnabled":true,"canConsumeAppPass":true,"enableModernRuntimeMode":false,"executionRestrictions":{"isTeamsOnly":false,"dataLossPreventionEvaluationResult":{"status":"Compliant","lastEvaluationDate":"2023-09-09T12:36:01.2448516Z","violations":[],"violationsByPolicy":[],"violationErrorMessage":"The app uses the following connectors: shared_sharepointonline."}}},"appType":"ClassicCanvasApp","appComponents":[]}}